ref,value,origin_x_mm,origin_y_mm,pads,pad_span_xy_mm,pitch_x_mm,pitch_y_mm,pad_size_mm,drill_mm,drawn_outline_mm
A1,Arduino_Nano_ESP32_socket,83.0,45.0,30,15.24 × 35.56,15.24,2.54,2.2 × 2.2,1,18.24 × 41
C1,1000uF_6V3,64.0,13.0,2,5 × 0,5,—,2.4 × 2.4,0.9,Не е зададен
F1,FUSE_T500mA,23.0,25.0,2,15 × 0,15,—,2.8 × 2.8,1.1,Не е зададен
H1,M3,5.0,5.0,1,0 × 0,—,—,6 × 6,3.2,Не е зададен
H2,M3,200.0,5.0,1,0 × 0,—,—,6 × 6,3.2,Не е зададен
H3,M3,5.0,133.0,1,0 × 0,—,—,6 × 6,3.2,Не е зададен
H4,M3,200.0,133.0,1,0 × 0,—,—,6 × 6,3.2,Не е зададен
J1,AC_IN_5.08,8.0,25.0,2,5.08 × 0,5.08,—,3.2 × 3.2,1.3,Не е зададен
J2,LOCAL_INPUTS_5.08,62.0,127.0,4,15.24 × 0,5.08,—,3.2 × 3.2,1.3,Не е зададен
J3,GSM_5V_IN_5.08,176.0,116.0,2,5.08 × 0,5.08,—,3.2 × 3.2,1.3,Не е зададен
PS1,ACDC_38x23_3V3,8.0,43.0,4,35.8 × 20.5,35.8,"8.5, 12",2.6 × 2.6,1,38 × 23
R1,10K,72.0,108.0,2,10 × 0,10,—,2.2 × 2.2,1,Не е зададен
RV1,MOV_275VAC,42.0,34.0,2,5 × 0,5,—,2.6 × 2.6,1,Не е зададен
SW1,AP_CONFIG_BUTTON,67.0,85.0,2,6.5 × 0,6.5,—,2.8 × 2.8,1,Не е зададен
TH1,NTC_10K,67.0,100.0,2,5 × 0,5,—,2.2 × 2.2,1,Не е зададен
U2,RFM95W_16x16_P2.0,111.0,12.0,16,16 × 14,16,2,1.8 × 1.8,0.8,16 × 16
U3,WIZ850io_socket,142.0,11.0,12,25 × 12.7,25,2.54,2.2 × 2.2,1,25 × 25
U4,XY-485_1x4,113.0,100.0,4,7.62 × 0,2.54,—,2.2 × 2.2,1,55 × 25
U5,SIM7600G-H_HAT_2x20,176.0,50.0,40,2.54 × 48.26,2.54,2.54,2.2 × 2.2,1,56.2 × 65.2
