ref,pin,x_mm,y_mm,pad_x_mm,pad_y_mm,drill_mm,net
H3,1,5.0,133.0,6.0,6.0,3.2,
H1,1,5.0,5.0,6.0,6.0,3.2,
J3,1,176.0,116.0,3.2,3.2,1.3,+5V_GSM
J3,2,181.08,116.0,3.2,3.2,1.3,GND
C1,1,64.0,13.0,2.4,2.4,0.9,+3V3
C1,2,69.0,13.0,2.4,2.4,0.9,GND
U5,1,176.0,50.0,2.2,2.2,1.0,GSM_P1
U5,2,178.54,50.0,2.2,2.2,1.0,+5V_GSM
U5,3,176.0,52.54,2.2,2.2,1.0,GSM_P3
U5,4,178.54,52.54,2.2,2.2,1.0,+5V_GSM
U5,5,176.0,55.08,2.2,2.2,1.0,GSM_P5
U5,6,178.54,55.08,2.2,2.2,1.0,GND
U5,7,176.0,57.62,2.2,2.2,1.0,GSM_P7
U5,8,178.54,57.62,2.2,2.2,1.0,A2_RX
U5,9,176.0,60.16,2.2,2.2,1.0,GND
U5,10,178.54,60.16,2.2,2.2,1.0,A3_TX
U5,11,176.0,62.7,2.2,2.2,1.0,GSM_P11
U5,12,178.54,62.7,2.2,2.2,1.0,GSM_P12
U5,13,176.0,65.24,2.2,2.2,1.0,GSM_P13
U5,14,178.54,65.24,2.2,2.2,1.0,GND
U5,15,176.0,67.78,2.2,2.2,1.0,GSM_P15
U5,16,178.54,67.78,2.2,2.2,1.0,GSM_P16
U5,17,176.0,70.32,2.2,2.2,1.0,GSM_P17
U5,18,178.54,70.32,2.2,2.2,1.0,GSM_P18
U5,19,176.0,72.86,2.2,2.2,1.0,GSM_P19
U5,20,178.54,72.86,2.2,2.2,1.0,GND
U5,21,176.0,75.4,2.2,2.2,1.0,GSM_P21
U5,22,178.54,75.4,2.2,2.2,1.0,GSM_P22
U5,23,176.0,77.94,2.2,2.2,1.0,GSM_P23
U5,24,178.54,77.94,2.2,2.2,1.0,GSM_P24
U5,25,176.0,80.48,2.2,2.2,1.0,GND
U5,26,178.54,80.48,2.2,2.2,1.0,GSM_P26
U5,27,176.0,83.02,2.2,2.2,1.0,GSM_P27
U5,28,178.54,83.02,2.2,2.2,1.0,GSM_P28
U5,29,176.0,85.56,2.2,2.2,1.0,GSM_P29
U5,30,178.54,85.56,2.2,2.2,1.0,GND
U5,31,176.0,88.1,2.2,2.2,1.0,GSM_P31
U5,32,178.54,88.1,2.2,2.2,1.0,GSM_P32
U5,33,176.0,90.64,2.2,2.2,1.0,GSM_P33
U5,34,178.54,90.64,2.2,2.2,1.0,GND
U5,35,176.0,93.18,2.2,2.2,1.0,GSM_P35
U5,36,178.54,93.18,2.2,2.2,1.0,GSM_P36
U5,37,176.0,95.72,2.2,2.2,1.0,GSM_P37
U5,38,178.54,95.72,2.2,2.2,1.0,GSM_P38
U5,39,176.0,98.26,2.2,2.2,1.0,GND
U5,40,178.54,98.26,2.2,2.2,1.0,GSM_P40
U4,1,113.0,100.0,2.2,2.2,1.0,GND
U4,2,115.54,100.0,2.2,2.2,1.0,A4_TX
U4,3,118.08,100.0,2.2,2.2,1.0,A5_RX
U4,4,120.62,100.0,2.2,2.2,1.0,+3V3
SW1,1,67.0,85.0,2.8,2.8,1.0,D0_RX
SW1,2,73.5,85.0,2.8,2.8,1.0,GND
U3,1,142.0,11.0,2.2,2.2,1.0,GND
U3,2,142.0,13.54,2.2,2.2,1.0,D11_MOSI
U3,3,142.0,16.08,2.2,2.2,1.0,D13_SCK
U3,4,142.0,18.62,2.2,2.2,1.0,D7
U3,5,142.0,21.16,2.2,2.2,1.0,D8
U3,6,142.0,23.7,2.2,2.2,1.0,RESET
U3,7,167.0,23.7,2.2,2.2,1.0,GND
U3,8,167.0,21.16,2.2,2.2,1.0,ETH_NC3
U3,9,167.0,18.62,2.2,2.2,1.0,ETH_NC2
U3,10,167.0,16.08,2.2,2.2,1.0,ETH_NC1
U3,11,167.0,13.54,2.2,2.2,1.0,D12_MISO
U3,12,167.0,11.0,2.2,2.2,1.0,+3V3
A1,1,83.0,45.0,2.2,2.2,1.0,D1_TX
A1,2,83.0,47.54,2.2,2.2,1.0,D0_RX
A1,3,83.0,50.08,2.2,2.2,1.0,RESET
A1,4,83.0,52.62,2.2,2.2,1.0,GND
A1,5,83.0,55.16,2.2,2.2,1.0,D2
A1,6,83.0,57.7,2.2,2.2,1.0,D3
A1,7,83.0,60.24,2.2,2.2,1.0,D4
A1,8,83.0,62.78,2.2,2.2,1.0,D5
A1,9,83.0,65.32,2.2,2.2,1.0,D6
A1,10,83.0,67.86,2.2,2.2,1.0,D7
A1,11,83.0,70.4,2.2,2.2,1.0,D8
A1,12,83.0,72.94,2.2,2.2,1.0,D9
A1,13,83.0,75.48,2.2,2.2,1.0,D10
A1,14,83.0,78.02,2.2,2.2,1.0,D11_MOSI
A1,15,83.0,80.56,2.2,2.2,1.0,D12_MISO
A1,16,98.24,80.56,2.2,2.2,1.0,VIN
A1,17,98.24,78.02,2.2,2.2,1.0,GND
A1,18,98.24,75.48,2.2,2.2,1.0,RESET
A1,19,98.24,72.94,2.2,2.2,1.0,+5V_NANO
A1,20,98.24,70.4,2.2,2.2,1.0,A7
A1,21,98.24,67.86,2.2,2.2,1.0,A6
A1,22,98.24,65.32,2.2,2.2,1.0,A5_RX
A1,23,98.24,62.78,2.2,2.2,1.0,A4_TX
A1,24,98.24,60.24,2.2,2.2,1.0,A3_TX
A1,25,98.24,57.7,2.2,2.2,1.0,A2_RX
A1,26,98.24,55.16,2.2,2.2,1.0,A1
A1,27,98.24,52.62,2.2,2.2,1.0,A0
A1,28,98.24,50.08,2.2,2.2,1.0,AREF
A1,29,98.24,47.54,2.2,2.2,1.0,+3V3
A1,30,98.24,45.0,2.2,2.2,1.0,D13_SCK
RV1,1,42.0,34.0,2.6,2.6,1.0,AC_L_FUSED
RV1,2,47.0,34.0,2.6,2.6,1.0,AC_N
R1,1,72.0,108.0,2.2,2.2,1.0,A0
R1,2,82.0,108.0,2.2,2.2,1.0,GND
H2,1,200.0,5.0,6.0,6.0,3.2,
PS1,1,8.0,43.0,2.6,2.6,1.0,AC_L_FUSED
PS1,2,8.0,51.5,2.6,2.6,1.0,AC_N
PS1,3,43.8,63.5,2.6,2.6,1.0,GND
PS1,4,43.8,43.0,2.6,2.6,1.0,+3V3
J2,1,62.0,127.0,3.2,3.2,1.3,D4
J2,2,67.08,127.0,3.2,3.2,1.3,D5
J2,3,72.16,127.0,3.2,3.2,1.3,D6
J2,4,77.24,127.0,3.2,3.2,1.3,GND
U2,1,111.0,12.0,1.8,1.8,0.8,GND
U2,2,111.0,14.0,1.8,1.8,0.8,D12_MISO
U2,3,111.0,16.0,1.8,1.8,0.8,D11_MOSI
U2,4,111.0,18.0,1.8,1.8,0.8,D13_SCK
U2,5,111.0,20.0,1.8,1.8,0.8,D10
U2,6,111.0,22.0,1.8,1.8,0.8,D9
U2,7,111.0,24.0,1.8,1.8,0.8,LORA_DIO5
U2,8,111.0,26.0,1.8,1.8,0.8,GND
U2,9,127.0,26.0,1.8,1.8,0.8,ANT
U2,10,127.0,24.0,1.8,1.8,0.8,GND
U2,11,127.0,22.0,1.8,1.8,0.8,LORA_DIO3
U2,12,127.0,20.0,1.8,1.8,0.8,LORA_DIO4
U2,13,127.0,18.0,1.8,1.8,0.8,+3V3
U2,14,127.0,16.0,1.8,1.8,0.8,LORA_DIO0_ALT
U2,15,127.0,14.0,1.8,1.8,0.8,LORA_DIO1
U2,16,127.0,12.0,1.8,1.8,0.8,D2
J1,1,8.0,25.0,3.2,3.2,1.3,AC_L
J1,2,13.08,25.0,3.2,3.2,1.3,AC_N
H4,1,200.0,133.0,6.0,6.0,3.2,
TH1,1,67.0,100.0,2.2,2.2,1.0,+3V3
TH1,2,72.0,100.0,2.2,2.2,1.0,A0
F1,1,23.0,25.0,2.8,2.8,1.1,AC_L
F1,2,38.0,25.0,2.8,2.8,1.1,AC_L_FUSED
