segment,net,layer,width_mm,start_x_mm,start_y_mm,end_x_mm,end_y_mm,length_mm
1,AC_L,B.Cu,1.5,8.0,25.0,23.0,25.0,15.0
2,AC_N,B.Cu,1.5,13.079999999999998,25.0,13.079999999999998,38.0,13.0
3,AC_N,B.Cu,1.5,49.0,51.5,8.0,51.5,41.0
4,AC_N,B.Cu,1.5,8.0,38.0,8.0,51.5,13.5
5,AC_N,B.Cu,1.5,13.079999999999998,38.0,8.0,38.0,5.08
6,AC_N,B.Cu,1.5,49.0,34.0,49.0,51.5,17.5
7,AC_N,B.Cu,1.5,47.0,34.0,49.0,34.0,2.0
8,AC_L_FUSED,B.Cu,1.5,42.0,25.0,42.0,34.0,9.0
9,AC_L_FUSED,B.Cu,1.5,38.0,25.0,42.0,25.0,4.0
10,AC_L_FUSED,B.Cu,1.5,38.0,34.0,38.0,43.0,9.0
11,AC_L_FUSED,B.Cu,1.5,42.0,34.0,38.0,34.0,4.0
12,AC_L_FUSED,B.Cu,1.5,38.0,43.0,8.0,43.0,30.0
13,GND,F.Cu,1.0,79.0,35.0,79.0,13.0,22.0
14,GND,F.Cu,1.0,79.0,39.0,79.0,13.0,26.0
15,GND,F.Cu,1.0,109.0,12.0,109.0,35.0,23.0
16,GND,F.Cu,1.0,140.0,39.0,79.0,39.0,61.0
17,GND,F.Cu,1.0,79.0,13.0,69.0,13.0,10.0
18,GND,F.Cu,1.0,111.0,12.0,109.0,12.0,2.0
19,GND,F.Cu,1.0,142.0,11.0,140.0,11.0,2.0
20,GND,F.Cu,1.0,140.0,11.0,140.0,39.0,28.0
21,GND,F.Cu,1.0,109.0,35.0,79.0,35.0,30.0
22,GND,F.Cu,1.0,79.0,13.0,69.0,13.0,10.0
23,GND,B.Cu,0.6,85.0,83.0,98.24,78.02,14.1456
24,GND,B.Cu,1.5,79.0,52.62,98.24,78.02,31.8644
25,GND,B.Cu,0.6,77.0,83.0,98.24,78.02,21.816
26,GND,B.Cu,1.5,193.0,57.62,178.54,55.08,14.6814
27,GND,B.Cu,0.6,73.5,85.0,77.0,85.0,3.5
28,GND,B.Cu,0.6,85.0,127.0,85.0,83.0,44.0
29,GND,B.Cu,0.6,85.0,83.0,98.24,78.02,14.1456
30,GND,B.Cu,1.5,53.0,17.0,69.0,17.0,16.0
31,GND,B.Cu,0.6,77.24,127.0,85.0,127.0,7.76
32,GND,B.Cu,1.5,193.0,116.0,193.0,57.62,58.38
33,GND,B.Cu,0.6,113.0,100.0,111.0,100.0,2.0
34,GND,B.Cu,1.5,53.0,63.5,53.0,17.0,46.5
35,GND,B.Cu,0.6,77.0,85.0,77.0,83.0,2.0
36,GND,B.Cu,0.6,111.0,100.0,111.0,93.0,7.0
37,GND,B.Cu,1.5,69.0,17.0,69.0,13.0,4.0
38,GND,B.Cu,1.5,181.08,116.0,193.0,116.0,11.92
39,GND,B.Cu,1.5,43.8,63.5,53.0,63.5,9.2
40,GND,B.Cu,1.5,69.0,13.0,79.0,13.0,10.0
41,GND,B.Cu,0.6,85.0,83.0,98.24,78.02,14.1456
42,GND,B.Cu,0.6,85.0,93.0,85.0,83.0,10.0
43,GND,B.Cu,0.6,111.0,93.0,85.0,93.0,26.0
44,GND,B.Cu,0.6,85.0,108.0,85.0,83.0,25.0
45,GND,B.Cu,0.6,82.0,108.0,85.0,108.0,3.0
46,GND,B.Cu,1.5,79.0,13.0,79.0,52.62,39.62
47,+3V3,F.Cu,1.0,171.0,37.0,77.0,37.0,94.0
48,+3V3,F.Cu,1.0,131.0,18.0,131.0,37.0,19.0
49,+3V3,F.Cu,1.0,167.0,11.0,171.0,11.0,4.0
50,+3V3,F.Cu,1.0,171.0,11.0,171.0,37.0,26.0
51,+3V3,F.Cu,1.0,77.0,13.0,64.0,13.0,13.0
52,+3V3,F.Cu,1.0,77.0,37.0,77.0,13.0,24.0
53,+3V3,F.Cu,1.0,127.0,18.0,131.0,18.0,4.0
54,+3V3,F.Cu,1.0,77.0,37.0,77.0,13.0,24.0
55,+3V3,F.Cu,1.0,131.0,37.0,77.0,37.0,54.0
56,+3V3,F.Cu,1.0,77.0,13.0,64.0,13.0,13.0
57,+3V3,B.Cu,1.5,59.0,43.0,59.0,13.0,30.0
58,+3V3,B.Cu,0.6,77.0,90.0,77.0,13.0,77.0
59,+3V3,B.Cu,0.6,67.0,100.0,63.0,100.0,4.0
60,+3V3,B.Cu,0.6,63.0,13.0,64.0,13.0,1.0
61,+3V3,B.Cu,1.5,43.8,43.0,59.0,43.0,15.2
62,+3V3,B.Cu,1.5,59.0,13.0,64.0,13.0,5.0
63,+3V3,B.Cu,0.6,120.62,100.0,125.0,100.0,4.38
64,+3V3,B.Cu,1.5,77.0,47.54,98.24,47.54,21.24
65,+3V3,B.Cu,1.5,64.0,13.0,77.0,13.0,13.0
66,+3V3,B.Cu,0.6,77.0,13.0,64.0,13.0,13.0
67,+3V3,B.Cu,0.6,63.0,100.0,63.0,13.0,87.0
68,+3V3,B.Cu,0.6,125.0,100.0,125.0,90.0,10.0
69,+3V3,B.Cu,1.5,77.0,13.0,77.0,47.54,34.54
70,+3V3,B.Cu,0.6,125.0,90.0,77.0,90.0,48.0
71,D0_RX,B.Cu,0.6,75.0,47.54,75.0,85.0,37.46
72,D0_RX,B.Cu,0.6,83.0,47.54,75.0,47.54,8.0
73,D0_RX,B.Cu,0.6,75.0,85.0,67.0,85.0,8.0
74,D2,B.Cu,0.6,81.0,55.16,81.0,12.0,43.16
75,D2,B.Cu,0.6,83.0,55.16,81.0,55.16,2.0
76,D2,B.Cu,0.6,81.0,12.0,127.0,12.0,46.0
77,D4,B.Cu,0.6,62.0,119.0,62.0,127.0,8.0
78,D4,B.Cu,0.6,83.0,60.239999,79.0,60.239999,4.0
79,D4,B.Cu,0.6,79.0,119.0,62.0,119.0,17.0
80,D4,B.Cu,0.6,79.0,60.239999,79.0,119.0,58.76
81,D5,B.Cu,0.6,83.0,62.78,77.0,62.78,6.0
82,D5,B.Cu,0.6,67.08,119.0,67.08,127.0,8.0
83,D5,B.Cu,0.6,77.0,62.78,77.0,119.0,56.22
84,D5,B.Cu,0.6,77.0,119.0,67.08,119.0,9.92
85,D6,B.Cu,0.6,75.0,119.0,72.16,119.0,2.84
86,D6,B.Cu,0.6,75.0,65.32,75.0,119.0,53.68
87,D6,B.Cu,0.6,72.16,119.0,72.16,127.0,8.0
88,D6,B.Cu,0.6,83.0,65.32,75.0,65.32,8.0
89,D7,B.Cu,0.6,83.0,67.86,109.0,67.86,26.0
90,D7,B.Cu,0.6,109.0,25.0,135.0,25.0,26.0
91,D7,B.Cu,0.6,135.0,25.0,142.0,18.62,9.4712
92,D7,B.Cu,0.6,109.0,67.86,109.0,25.0,42.86
93,D8,B.Cu,0.6,83.0,70.4,110.0,70.4,27.0
94,D8,B.Cu,0.6,136.0,27.700000000000003,142.0,21.16,8.8753
95,D8,B.Cu,0.6,110.0,70.4,110.0,27.700000000000003,42.7
96,D8,B.Cu,0.6,110.0,27.700000000000003,136.0,27.700000000000003,26.0
97,D9,B.Cu,0.6,83.0,72.94,99.0,72.94,16.0
98,D9,B.Cu,0.6,99.0,72.94,99.0,22.0,50.94
99,D9,B.Cu,0.6,99.0,22.0,111.0,22.0,12.0
100,D10,B.Cu,0.6,101.0,20.0,111.0,20.0,10.0
101,D10,B.Cu,0.6,83.0,75.48,101.0,75.48,18.0
102,D10,B.Cu,0.6,101.0,75.48,101.0,20.0,55.48
103,D11_MOSI,B.Cu,0.6,83.0,78.02,105.0,80.56,22.1461
104,D11_MOSI,B.Cu,0.6,105.0,80.56,105.0,16.0,64.56
105,D11_MOSI,B.Cu,0.6,105.0,16.0,134.0,16.0,29.0
106,D11_MOSI,B.Cu,0.6,105.0,16.0,111.0,16.0,6.0
107,D11_MOSI,B.Cu,0.6,134.0,13.54,142.0,13.54,8.0
108,D11_MOSI,B.Cu,0.6,134.0,16.0,134.0,13.54,2.46
109,D12_MISO,B.Cu,0.6,171.0,14.0,171.0,13.54,0.46
110,D12_MISO,B.Cu,0.6,107.0,80.56,107.0,14.0,66.56
111,D12_MISO,B.Cu,0.6,171.0,13.54,167.0,13.54,4.0
112,D12_MISO,B.Cu,0.6,107.0,14.0,111.0,14.0,4.0
113,D12_MISO,B.Cu,0.6,107.0,14.0,171.0,14.0,64.0
114,D12_MISO,B.Cu,0.6,83.0,80.56,107.0,80.56,24.0
115,D13_SCK,B.Cu,0.6,136.0,18.0,142.0,16.08,6.2997
116,D13_SCK,B.Cu,0.6,98.24,45.0,103.0,45.0,4.76
117,D13_SCK,B.Cu,0.6,103.0,45.0,103.0,18.0,27.0
118,D13_SCK,B.Cu,0.6,103.0,18.0,111.0,18.0,8.0
119,D13_SCK,B.Cu,0.6,103.0,18.0,136.0,18.0,33.0
120,A0,B.Cu,0.6,72.0,100.0,72.0,108.0,8.0
121,A0,B.Cu,0.6,102.0,100.0,72.0,100.0,30.0
122,A0,B.Cu,0.6,102.0,52.62,102.0,100.0,47.38
123,A0,B.Cu,0.6,98.24,52.62,102.0,52.62,3.76
124,A2_RX,B.Cu,0.6,115.0,55.08,178.54,57.62,63.5907
125,A2_RX,B.Cu,0.6,115.0,57.7,115.0,55.08,2.62
126,A2_RX,B.Cu,0.6,98.24,57.7,115.0,57.7,16.76
127,A3_TX,B.Cu,0.6,117.0,57.62,178.54,60.16,61.5924
128,A3_TX,B.Cu,0.6,117.0,60.239999,117.0,57.62,2.62
129,A3_TX,B.Cu,0.6,98.24,60.239999,117.0,60.239999,18.76
130,A4_TX,B.Cu,0.6,107.0,62.78,107.0,100.0,37.22
131,A4_TX,B.Cu,0.6,98.24,62.78,107.0,62.78,8.76
132,A4_TX,B.Cu,0.6,107.0,100.0,115.54,100.0,8.54
133,A5_RX,B.Cu,0.6,109.0,103.0,118.08,103.0,9.08
134,A5_RX,B.Cu,0.6,118.08,103.0,118.08,100.0,3.0
135,A5_RX,B.Cu,0.6,109.0,65.32,109.0,103.0,37.68
136,A5_RX,B.Cu,0.6,98.24,65.32,109.0,65.32,10.76
137,+5V_GSM,B.Cu,1.5,190.0,116.0,190.0,52.54,63.46
138,+5V_GSM,B.Cu,1.5,176.0,116.0,190.0,116.0,14.0
139,+5V_GSM,B.Cu,1.5,190.0,52.54,178.54,50.0,11.7381
